"Index","KernelName","gpu-id","queue-id","queue-index","pid","tid","grd","wgr","lds","scr","arch_vgpr","accum_vgpr","sgpr","wave_size","sig","obj","DispatchNs","BeginNs","EndNs","CompleteNs","DurationNs"
0,"void __acpp_kernel<main::{lambda(hipsycl::sycl::handler&)#1}::operator()(hipsycl::sycl::handler&) const::{lambda(hipsycl::sycl::id<2>)#1}>() [clone .kd]",4,2,2,68285,68285,256000000,256,0,0,16,0,32,64,"0x0","0x14e2b0f722c0",4069895492066331,4069895492167169,4069895494740799,4069895494762348,2573630
1,"void __acpp_kernel<main::{lambda(hipsycl::sycl::handler&)#2}::operator()(hipsycl::sycl::handler&) const::{lambda(hipsycl::sycl::id<2>)#1}>() [clone .kd]",4,3,2,68285,68285,256000000,256,0,0,16,0,32,64,"0x0","0x14e2b0f72340",4069895617124761,4069895617134804,4069895619758834,4069895619781983,2624030
2,"void __acpp_kernel<main::{lambda(hipsycl::sycl::handler&)#3}::operator()(hipsycl::sycl::handler&) const::{lambda(hipsycl::sycl::id<2>)#1}>() [clone .kd]",4,2,6,68285,68285,256000000,256,0,0,16,0,32,64,"0x0","0x14e2b0f72300",4069895619862970,4069895619873715,4069895622433265,4069895622453232,2559550
3,"void __acpp_kernel<main::{lambda(hipsycl::sycl::handler&)#2}::operator()(hipsycl::sycl::handler&) const::{lambda(hipsycl::sycl::id<2>)#1}>() [clone .kd]",4,3,6,68285,68285,256000000,256,0,0,16,0,32,64,"0x0","0x14e2b0f72340",4069895622500914,4069895622509586,4069895625071856,4069895625091937,2562270
4,"void __acpp_kernel<main::{lambda(hipsycl::sycl::handler&)#3}::operator()(hipsycl::sycl::handler&) const::{lambda(hipsycl::sycl::id<2>)#1}>() [clone .kd]",4,2,10,68285,68285,256000000,256,0,0,16,0,32,64,"0x0","0x14e2b0f72300",4069895625140441,4069895625150736,4069895627718926,4069895627741454,2568190
5,"void __acpp_kernel<main::{lambda(hipsycl::sycl::handler&)#2}::operator()(hipsycl::sycl::handler&) const::{lambda(hipsycl::sycl::id<2>)#1}>() [clone .kd]",4,3,10,68285,68285,256000000,256,0,0,16,0,32,64,"0x0","0x14e2b0f72340",4069895627785209,4069895627793275,4069895630364185,4069895630395509,2570910
6,"void __acpp_kernel<main::{lambda(hipsycl::sycl::handler&)#3}::operator()(hipsycl::sycl::handler&) const::{lambda(hipsycl::sycl::id<2>)#1}>() [clone .kd]",4,2,14,68285,68285,256000000,256,0,0,16,0,32,64,"0x0","0x14e2b0f72300",4069895630452610,4069895630463385,4069895633030775,4069895633050095,2567390
7,"void __acpp_kernel<main::{lambda(hipsycl::sycl::handler&)#2}::operator()(hipsycl::sycl::handler&) const::{lambda(hipsycl::sycl::id<2>)#1}>() [clone .kd]",4,3,14,68285,68285,256000000,256,0,0,16,0,32,64,"0x0","0x14e2b0f72340",4069895633104721,4069895633113496,4069895635679766,4069895635704111,2566270
8,"void __acpp_kernel<main::{lambda(hipsycl::sycl::handler&)#3}::operator()(hipsycl::sycl::handler&) const::{lambda(hipsycl::sycl::id<2>)#1}>() [clone .kd]",4,2,18,68285,68285,256000000,256,0,0,16,0,32,64,"0x0","0x14e2b0f72300",4069895635747134,4069895635755607,4069895638327476,4069895638347926,2571869
9,"void __acpp_kernel<main::{lambda(hipsycl::sycl::handler&)#2}::operator()(hipsycl::sycl::handler&) const::{lambda(hipsycl::sycl::id<2>)#1}>() [clone .kd]",4,3,18,68285,68285,256000000,256,0,0,16,0,32,64,"0x0","0x14e2b0f72340",4069895638394176,4069895638402837,4069895640971507,4069895640993455,2568670
10,"void __acpp_kernel<main::{lambda(hipsycl::sycl::handler&)#3}::operator()(hipsycl::sycl::handler&) const::{lambda(hipsycl::sycl::id<2>)#1}>() [clone .kd]",4,2,22,68285,68285,256000000,256,0,0,16,0,32,64,"0x0","0x14e2b0f72300",4069895641040977,4069895641051348,4069895643617617,4069895643638723,2566269
11,"void __acpp_kernel<main::{lambda(hipsycl::sycl::handler&)#2}::operator()(hipsycl::sycl::handler&) const::{lambda(hipsycl::sycl::id<2>)#1}>() [clone .kd]",4,3,22,68285,68285,256000000,256,0,0,16,0,32,64,"0x0","0x14e2b0f72340",4069895643685714,4069895643694258,4069895646259568,4069895646281146,2565310
12,"void __acpp_kernel<main::{lambda(hipsycl::sycl::handler&)#3}::operator()(hipsycl::sycl::handler&) const::{lambda(hipsycl::sycl::id<2>)#1}>() [clone .kd]",4,2,26,68285,68285,256000000,256,0,0,16,0,32,64,"0x0","0x14e2b0f72300",4069895646324450,4069895646333169,4069895648906639,4069895648927216,2573470
13,"void __acpp_kernel<main::{lambda(hipsycl::sycl::handler&)#2}::operator()(hipsycl::sycl::handler&) const::{lambda(hipsycl::sycl::id<2>)#1}>() [clone .kd]",4,3,26,68285,68285,256000000,256,0,0,16,0,32,64,"0x0","0x14e2b0f72340",4069895648977163,4069895648985360,4069895651557709,4069895651579838,2572349
14,"void __acpp_kernel<main::{lambda(hipsycl::sycl::handler&)#3}::operator()(hipsycl::sycl::handler&) const::{lambda(hipsycl::sycl::id<2>)#1}>() [clone .kd]",4,2,30,68285,68285,256000000,256,0,0,16,0,32,64,"0x0","0x14e2b0f72300",4069895651625998,4069895651635630,4069895654209420,4069895654232150,2573790
15,"void __acpp_kernel<main::{lambda(hipsycl::sycl::handler&)#2}::operator()(hipsycl::sycl::handler&) const::{lambda(hipsycl::sycl::id<2>)#1}>() [clone .kd]",4,3,30,68285,68285,256000000,256,0,0,16,0,32,64,"0x0","0x14e2b0f72340",4069895654277608,4069895654286381,4069895656860331,4069895656877258,2573950
16,"void __acpp_kernel<main::{lambda(hipsycl::sycl::handler&)#3}::operator()(hipsycl::sycl::handler&) const::{lambda(hipsycl::sycl::id<2>)#1}>() [clone .kd]",4,2,34,68285,68285,256000000,256,0,0,16,0,32,64,"0x0","0x14e2b0f72300",4069895656929139,4069895656937931,4069895659510441,4069895659530001,2572510
17,"void __acpp_kernel<main::{lambda(hipsycl::sycl::handler&)#2}::operator()(hipsycl::sycl::handler&) const::{lambda(hipsycl::sycl::id<2>)#1}>() [clone .kd]",4,3,34,68285,68285,256000000,256,0,0,16,0,32,64,"0x0","0x14e2b0f72340",4069895659574998,4069895659583402,4069895662135112,4069895662155702,2551710
18,"void __acpp_kernel<main::{lambda(hipsycl::sycl::handler&)#3}::operator()(hipsycl::sycl::handler&) const::{lambda(hipsycl::sycl::id<2>)#1}>() [clone .kd]",4,2,38,68285,68285,256000000,256,0,0,16,0,32,64,"0x0","0x14e2b0f72300",4069895662202613,4069895662213352,4069895664757542,4069895664776543,2544190
19,"void __acpp_kernel<main::{lambda(hipsycl::sycl::handler&)#2}::operator()(hipsycl::sycl::handler&) const::{lambda(hipsycl::sycl::id<2>)#1}>() [clone .kd]",4,3,38,68285,68285,256000000,256,0,0,16,0,32,64,"0x0","0x14e2b0f72340",4069895664823063,4069895664831783,4069895667374692,4069895667395730,2542909
20,"void __acpp_kernel<main::{lambda(hipsycl::sycl::handler&)#3}::operator()(hipsycl::sycl::handler&) const::{lambda(hipsycl::sycl::id<2>)#1}>() [clone .kd]",4,2,42,68285,68285,256000000,256,0,0,16,0,32,64,"0x0","0x14e2b0f72300",4069895667443713,4069895667452293,4069895669986882,4069895670008806,2534589
21,"void __acpp_kernel<main::{lambda(hipsycl::sycl::handler&)#2}::operator()(hipsycl::sycl::handler&) const::{lambda(hipsycl::sycl::id<2>)#1}>() [clone .kd]",4,3,42,68285,68285,256000000,256,0,0,16,0,32,64,"0x0","0x14e2b0f72340",4069895670053383,4069895670063363,4069895672600833,4069895672637833,2537470
22,"void __acpp_kernel<main::{lambda(hipsycl::sycl::handler&)#3}::operator()(hipsycl::sycl::handler&) const::{lambda(hipsycl::sycl::id<2>)#1}>() [clone .kd]",4,2,46,68285,68285,256000000,256,0,0,16,0,32,64,"0x0","0x14e2b0f72300",4069895672658282,4069895672667393,4069895675204063,4069895675244306,2536670
23,"void __acpp_kernel<main::{lambda(hipsycl::sycl::handler&)#2}::operator()(hipsycl::sycl::handler&) const::{lambda(hipsycl::sycl::id<2>)#1}>() [clone .kd]",4,3,46,68285,68285,256000000,256,0,0,16,0,32,64,"0x0","0x14e2b0f72340",4069895675263112,4069895675273343,4069895677810653,4069895677850257,2537310
24,"void __acpp_kernel<main::{lambda(hipsycl::sycl::handler&)#3}::operator()(hipsycl::sycl::handler&) const::{lambda(hipsycl::sycl::id<2>)#1}>() [clone .kd]",4,2,50,68285,68285,256000000,256,0,0,16,0,32,64,"0x0","0x14e2b0f72300",4069895677867271,4069895677875454,4069895680411323,4069895680448675,2535869
25,"void __acpp_kernel<main::{lambda(hipsycl::sycl::handler&)#2}::operator()(hipsycl::sycl::handler&) const::{lambda(hipsycl::sycl::id<2>)#1}>() [clone .kd]",4,3,50,68285,68285,256000000,256,0,0,16,0,32,64,"0x0","0x14e2b0f72340",4069895680466930,4069895680475484,4069895683010393,4069895683050418,2534909
26,"void __acpp_kernel<main::{lambda(hipsycl::sycl::handler&)#3}::operator()(hipsycl::sycl::handler&) const::{lambda(hipsycl::sycl::id<2>)#1}>() [clone .kd]",4,2,54,68285,68285,256000000,256,0,0,16,0,32,64,"0x0","0x14e2b0f72300",4069895683067942,4069895683074714,4069895685603863,4069895685645068,2529149
27,"void __acpp_kernel<main::{lambda(hipsycl::sycl::handler&)#2}::operator()(hipsycl::sycl::handler&) const::{lambda(hipsycl::sycl::id<2>)#1}>() [clone .kd]",4,3,54,68285,68285,256000000,256,0,0,16,0,32,64,"0x0","0x14e2b0f72340",4069895685662262,4069895685671224,4069895688209013,4069895688247453,2537789
28,"void __acpp_kernel<main::{lambda(hipsycl::sycl::handler&)#3}::operator()(hipsycl::sycl::handler&) const::{lambda(hipsycl::sycl::id<2>)#1}>() [clone .kd]",4,2,58,68285,68285,256000000,256,0,0,16,0,32,64,"0x0","0x14e2b0f72300",4069895688261941,4069895688269334,4069895690802003,4069895690839498,2532669
29,"void __acpp_kernel<main::{lambda(hipsycl::sycl::handler&)#2}::operator()(hipsycl::sycl::handler&) const::{lambda(hipsycl::sycl::id<2>)#1}>() [clone .kd]",4,3,58,68285,68285,256000000,256,0,0,16,0,32,64,"0x0","0x14e2b0f72340",4069895690861160,4069895690871369,4069895693402438,4069895693442845,2531069
30,"void __acpp_kernel<main::{lambda(hipsycl::sycl::handler&)#3}::operator()(hipsycl::sycl::handler&) const::{lambda(hipsycl::sycl::id<2>)#1}>() [clone .kd]",4,2,62,68285,68285,256000000,256,0,0,16,0,32,64,"0x0","0x14e2b0f72300",4069895693468565,4069895693478598,4069895696013827,4069895696053887,2535229
31,"void __acpp_kernel<main::{lambda(hipsycl::sycl::handler&)#2}::operator()(hipsycl::sycl::handler&) const::{lambda(hipsycl::sycl::id<2>)#1}>() [clone .kd]",4,3,62,68285,68285,256000000,256,0,0,16,0,32,64,"0x0","0x14e2b0f72340",4069895696071832,4069895696080068,4069895698610817,4069895698650230,2530749
32,"void __acpp_kernel<main::{lambda(hipsycl::sycl::handler&)#3}::operator()(hipsycl::sycl::handler&) const::{lambda(hipsycl::sycl::id<2>)#1}>() [clone .kd]",4,2,66,68285,68285,256000000,256,0,0,16,0,32,64,"0x0","0x14e2b0f72300",4069895698667213,4069895698677378,4069895701213247,4069895701253447,2535869
33,"void __acpp_kernel<main::{lambda(hipsycl::sycl::handler&)#2}::operator()(hipsycl::sycl::handler&) const::{lambda(hipsycl::sycl::id<2>)#1}>() [clone .kd]",4,3,66,68285,68285,256000000,256,0,0,16,0,32,64,"0x0","0x14e2b0f72340",4069895701269357,4069895701278208,4069895703814877,4069895703840031,2536669
34,"void __acpp_kernel<main::{lambda(hipsycl::sycl::handler&)#3}::operator()(hipsycl::sycl::handler&) const::{lambda(hipsycl::sycl::id<2>)#1}>() [clone .kd]",4,2,70,68285,68285,256000000,256,0,0,16,0,32,64,"0x0","0x14e2b0f72300",4069895703875099,4069895703883358,4069895706418747,4069895706458126,2535389
35,"void __acpp_kernel<main::{lambda(hipsycl::sycl::handler&)#2}::operator()(hipsycl::sycl::handler&) const::{lambda(hipsycl::sycl::id<2>)#1}>() [clone .kd]",4,3,70,68285,68285,256000000,256,0,0,16,0,32,64,"0x0","0x14e2b0f72340",4069895706475670,4069895706484988,4069895709018137,4069895709053668,2533149
36,"void __acpp_kernel<main::{lambda(hipsycl::sycl::handler&)#3}::operator()(hipsycl::sycl::handler&) const::{lambda(hipsycl::sycl::id<2>)#1}>() [clone .kd]",4,2,74,68285,68285,256000000,256,0,0,16,0,32,64,"0x0","0x14e2b0f72300",4069895709073537,4069895709081818,4069895711623447,4069895711663077,2541629
37,"void __acpp_kernel<main::{lambda(hipsycl::sycl::handler&)#2}::operator()(hipsycl::sycl::handler&) const::{lambda(hipsycl::sycl::id<2>)#1}>() [clone .kd]",4,3,74,68285,68285,256000000,256,0,0,16,0,32,64,"0x0","0x14e2b0f72340",4069895711677905,4069895711685208,4069895714223317,4069895714239391,2538109
38,"void __acpp_kernel<main::{lambda(hipsycl::sycl::handler&)#3}::operator()(hipsycl::sycl::handler&) const::{lambda(hipsycl::sycl::id<2>)#1}>() [clone .kd]",4,2,78,68285,68285,256000000,256,0,0,16,0,32,64,"0x0","0x14e2b0f72300",4069895714293386,4069895714303318,4069895716835187,4069895716869781,2531869
39,"void __acpp_kernel<main::{lambda(hipsycl::sycl::handler&)#2}::operator()(hipsycl::sycl::handler&) const::{lambda(hipsycl::sycl::id<2>)#1}>() [clone .kd]",4,3,78,68285,68285,256000000,256,0,0,16,0,32,64,"0x0","0x14e2b0f72340",4069895716892595,4069895716902708,4069895719445778,4069895719486935,2543070
40,"void __acpp_kernel<main::{lambda(hipsycl::sycl::handler&)#3}::operator()(hipsycl::sycl::handler&) const::{lambda(hipsycl::sycl::id<2>)#1}>() [clone .kd]",4,2,82,68285,68285,256000000,256,0,0,16,0,32,64,"0x0","0x14e2b0f72300",4069895719504369,4069895719513618,4069895722048528,4069895722087927,2534910
41,"void __acpp_kernel<main::{lambda(hipsycl::sycl::handler&)#2}::operator()(hipsycl::sycl::handler&) const::{lambda(hipsycl::sycl::id<2>)#1}>() [clone .kd]",4,3,82,68285,68285,256000000,256,0,0,16,0,32,64,"0x0","0x14e2b0f72340",4069895722104309,4069895722111728,4069895724649038,4069895724683990,2537310
42,"void __acpp_kernel<main::{lambda(hipsycl::sycl::handler&)#3}::operator()(hipsycl::sycl::handler&) const::{lambda(hipsycl::sycl::id<2>)#1}>() [clone .kd]",4,2,86,68285,68285,256000000,256,0,0,16,0,32,64,"0x0","0x14e2b0f72300",4069895724712625,4069895724720878,4069895727257068,4069895732281147,2536190
43,"void __acpp_kernel<main::{lambda(hipsycl::sycl::handler&)#2}::operator()(hipsycl::sycl::handler&) const::{lambda(hipsycl::sycl::id<2>)#1}>() [clone .kd]",4,3,86,68285,68285,256000000,256,0,0,16,0,32,64,"0x0","0x14e2b0f72340",4069895727328947,4069895727340589,4069895729872458,4069895732302218,2531869
44,"void __acpp_kernel<main::{lambda(hipsycl::sycl::handler&)#3}::operator()(hipsycl::sycl::handler&) const::{lambda(hipsycl::sycl::id<2>)#1}>() [clone .kd]",4,2,90,68285,68285,256000000,256,0,0,16,0,32,64,"0x0","0x14e2b0f72300",4069895729938045,4069895729947659,4069895732483848,4069895732484261,2536189
45,"void __acpp_kernel<main::{lambda(hipsycl::sycl::handler&)#2}::operator()(hipsycl::sycl::handler&) const::{lambda(hipsycl::sycl::id<2>)#1}>() [clone .kd]",4,3,90,68285,68285,256000000,256,0,0,16,0,32,64,"0x0","0x14e2b0f72340",4069895732546582,4069895732554729,4069895735099398,4069895735139409,2544669
46,"void __acpp_kernel<main::{lambda(hipsycl::sycl::handler&)#3}::operator()(hipsycl::sycl::handler&) const::{lambda(hipsycl::sycl::id<2>)#1}>() [clone .kd]",4,2,94,68285,68285,256000000,256,0,0,16,0,32,64,"0x0","0x14e2b0f72300",4069895735170539,4069895735181319,4069895737724548,4069895737763596,2543229
47,"void __acpp_kernel<main::{lambda(hipsycl::sycl::handler&)#2}::operator()(hipsycl::sycl::handler&) const::{lambda(hipsycl::sycl::id<2>)#1}>() [clone .kd]",4,3,94,68285,68285,256000000,256,0,0,16,0,32,64,"0x0","0x14e2b0f72340",4069895737784727,4069895737792869,4069895740330178,4069895740369908,2537309
48,"void __acpp_kernel<main::{lambda(hipsycl::sycl::handler&)#3}::operator()(hipsycl::sycl::handler&) const::{lambda(hipsycl::sycl::id<2>)#1}>() [clone .kd]",4,2,98,68285,68285,256000000,256,0,0,16,0,32,64,"0x0","0x14e2b0f72300",4069895740407421,4069895740421059,4069895742970689,4069895743005157,2549630
49,"void __acpp_kernel<main::{lambda(hipsycl::sycl::handler&)#2}::operator()(hipsycl::sycl::handler&) const::{lambda(hipsycl::sycl::id<2>)#1}>() [clone .kd]",4,3,98,68285,68285,256000000,256,0,0,16,0,32,64,"0x0","0x14e2b0f72340",4069895743030727,4069895743039010,4069895745592319,4069895745632731,2553309
50,"void __acpp_kernel<main::{lambda(hipsycl::sycl::handler&)#3}::operator()(hipsycl::sycl::handler&) const::{lambda(hipsycl::sycl::id<2>)#1}>() [clone .kd]",4,2,102,68285,68285,256000000,256,0,0,16,0,32,64,"0x0","0x14e2b0f72300",4069895745654874,4069895745664960,4069895748208989,4069895748249103,2544029
51,"void __acpp_kernel<main::{lambda(hipsycl::sycl::handler&)#2}::operator()(hipsycl::sycl::handler&) const::{lambda(hipsycl::sycl::id<2>)#1}>() [clone .kd]",4,3,102,68285,68285,256000000,256,0,0,16,0,32,64,"0x0","0x14e2b0f72340",4069895748266798,4069895748275390,4069895750822139,4069895750861548,2546749
52,"void __acpp_kernel<main::{lambda(hipsycl::sycl::handler&)#3}::operator()(hipsycl::sycl::handler&) const::{lambda(hipsycl::sycl::id<2>)#1}>() [clone .kd]",4,2,106,68285,68285,256000000,256,0,0,16,0,32,64,"0x0","0x14e2b0f72300",4069895750886015,4069895750895900,4069895753446810,4069895753483891,2550910
53,"void __acpp_kernel<main::{lambda(hipsycl::sycl::handler&)#2}::operator()(hipsycl::sycl::handler&) const::{lambda(hipsycl::sycl::id<2>)#1}>() [clone .kd]",4,3,106,68285,68285,256000000,256,0,0,16,0,32,64,"0x0","0x14e2b0f72340",4069895753509171,4069895753518805,4069895756057074,4069895756096657,2538269
54,"void __acpp_kernel<main::{lambda(hipsycl::sycl::handler&)#3}::operator()(hipsycl::sycl::handler&) const::{lambda(hipsycl::sycl::id<2>)#1}>() [clone .kd]",4,2,110,68285,68285,256000000,256,0,0,16,0,32,64,"0x0","0x14e2b0f72300",4069895756116836,4069895756126674,4069895758672143,4069895758712438,2545469
55,"void __acpp_kernel<main::{lambda(hipsycl::sycl::handler&)#2}::operator()(hipsycl::sycl::handler&) const::{lambda(hipsycl::sycl::id<2>)#1}>() [clone .kd]",4,3,110,68285,68285,256000000,256,0,0,16,0,32,64,"0x0","0x14e2b0f72340",4069895758728619,4069895758735824,4069895761268973,4069895761305425,2533149
56,"void __acpp_kernel<main::{lambda(hipsycl::sycl::handler&)#3}::operator()(hipsycl::sycl::handler&) const::{lambda(hipsycl::sycl::id<2>)#1}>() [clone .kd]",4,2,114,68285,68285,256000000,256,0,0,16,0,32,64,"0x0","0x14e2b0f72300",4069895761331666,4069895761341454,4069895763891244,4069895763930184,2549790
57,"void __acpp_kernel<main::{lambda(hipsycl::sycl::handler&)#2}::operator()(hipsycl::sycl::handler&) const::{lambda(hipsycl::sycl::id<2>)#1}>() [clone .kd]",4,3,114,68285,68285,256000000,256,0,0,16,0,32,64,"0x0","0x14e2b0f72340",4069895763944501,4069895763951724,4069895766490474,4069895766525805,2538750
58,"void __acpp_kernel<main::{lambda(hipsycl::sycl::handler&)#3}::operator()(hipsycl::sycl::handler&) const::{lambda(hipsycl::sycl::id<2>)#1}>() [clone .kd]",4,2,118,68285,68285,256000000,256,0,0,16,0,32,64,"0x0","0x14e2b0f72300",4069895766551365,4069895766559434,4069895769092744,4069895769127800,2533310
59,"void __acpp_kernel<main::{lambda(hipsycl::sycl::handler&)#2}::operator()(hipsycl::sycl::handler&) const::{lambda(hipsycl::sycl::id<2>)#1}>() [clone .kd]",4,3,118,68285,68285,256000000,256,0,0,16,0,32,64,"0x0","0x14e2b0f72340",4069895769164541,4069895769175944,4069895771721414,4069895771741076,2545470
60,"void __acpp_kernel<main::{lambda(hipsycl::sycl::handler&)#3}::operator()(hipsycl::sycl::handler&) const::{lambda(hipsycl::sycl::id<2>)#1}>() [clone .kd]",4,2,122,68285,68285,256000000,256,0,0,16,0,32,64,"0x0","0x14e2b0f72300",4069895771784470,4069895771795815,4069895774335844,4069895774353360,2540029
61,"void __acpp_kernel<main::{lambda(hipsycl::sycl::handler&)#2}::operator()(hipsycl::sycl::handler&) const::{lambda(hipsycl::sycl::id<2>)#1}>() [clone .kd]",4,3,122,68285,68285,256000000,256,0,0,16,0,32,64,"0x0","0x14e2b0f72340",4069895774411854,4069895774421445,4069895776962754,4069895776998388,2541309
62,"void __acpp_kernel<main::{lambda(hipsycl::sycl::handler&)#3}::operator()(hipsycl::sycl::handler&) const::{lambda(hipsycl::sycl::id<2>)#1}>() [clone .kd]",4,2,126,68285,68285,256000000,256,0,0,16,0,32,64,"0x0","0x14e2b0f72300",4069895777019569,4069895777029315,4069895779578784,4069895779618247,2549469
63,"void __acpp_kernel<main::{lambda(hipsycl::sycl::handler&)#2}::operator()(hipsycl::sycl::handler&) const::{lambda(hipsycl::sycl::id<2>)#1}>() [clone .kd]",4,3,126,68285,68285,256000000,256,0,0,16,0,32,64,"0x0","0x14e2b0f72340",4069895779632264,4069895779640385,4069895782183294,4069895782223056,2542909
64,"void __acpp_kernel<main::{lambda(hipsycl::sycl::handler&)#3}::operator()(hipsycl::sycl::handler&) const::{lambda(hipsycl::sycl::id<2>)#1}>() [clone .kd]",4,2,130,68285,68285,256000000,256,0,0,16,0,32,64,"0x0","0x14e2b0f72300",4069895782243777,4069895782250655,4069895784799645,4069895784834128,2548990
65,"void __acpp_kernel<main::{lambda(hipsycl::sycl::handler&)#2}::operator()(hipsycl::sycl::handler&) const::{lambda(hipsycl::sycl::id<2>)#1}>() [clone .kd]",4,3,130,68285,68285,256000000,256,0,0,16,0,32,64,"0x0","0x14e2b0f72340",4069895784862323,4069895784871965,4069895787411035,4069895787445330,2539070
66,"void __acpp_kernel<main::{lambda(hipsycl::sycl::handler&)#3}::operator()(hipsycl::sycl::handler&) const::{lambda(hipsycl::sycl::id<2>)#1}>() [clone .kd]",4,2,134,68285,68285,256000000,256,0,0,16,0,32,64,"0x0","0x14e2b0f72300",4069895787469477,4069895787477435,4069895790026425,4069895790065319,2548990
67,"void __acpp_kernel<main::{lambda(hipsycl::sycl::handler&)#2}::operator()(hipsycl::sycl::handler&) const::{lambda(hipsycl::sycl::id<2>)#1}>() [clone .kd]",4,3,134,68285,68285,256000000,256,0,0,16,0,32,64,"0x0","0x14e2b0f72340",4069895790088605,4069895790099226,4069895792645655,4069895792686200,2546429
68,"void __acpp_kernel<main::{lambda(hipsycl::sycl::handler&)#3}::operator()(hipsycl::sycl::handler&) const::{lambda(hipsycl::sycl::id<2>)#1}>() [clone .kd]",4,2,138,68285,68285,256000000,256,0,0,16,0,32,64,"0x0","0x14e2b0f72300",4069895792705077,4069895792715256,4069895795263605,4069895795300398,2548349
69,"void __acpp_kernel<main::{lambda(hipsycl::sycl::handler&)#2}::operator()(hipsycl::sycl::handler&) const::{lambda(hipsycl::sycl::id<2>)#1}>() [clone .kd]",4,3,138,68285,68285,256000000,256,0,0,16,0,32,64,"0x0","0x14e2b0f72340",4069895795318143,4069895795327606,4069895797870515,4069895797909446,2542909
70,"void __acpp_kernel<main::{lambda(hipsycl::sycl::handler&)#3}::operator()(hipsycl::sycl::handler&) const::{lambda(hipsycl::sycl::id<2>)#1}>() [clone .kd]",4,2,142,68285,68285,256000000,256,0,0,16,0,32,64,"0x0","0x14e2b0f72300",4069895797924505,4069895797935156,4069895800478385,4069895800512893,2543229
71,"void __acpp_kernel<main::{lambda(hipsycl::sycl::handler&)#2}::operator()(hipsycl::sycl::handler&) const::{lambda(hipsycl::sycl::id<2>)#1}>() [clone .kd]",4,3,142,68285,68285,256000000,256,0,0,16,0,32,64,"0x0","0x14e2b0f72340",4069895800539505,4069895800549426,4069895803085455,4069895803119386,2536029
72,"void __acpp_kernel<main::{lambda(hipsycl::sycl::handler&)#3}::operator()(hipsycl::sycl::handler&) const::{lambda(hipsycl::sycl::id<2>)#1}>() [clone .kd]",4,2,146,68285,68285,256000000,256,0,0,16,0,32,64,"0x0","0x14e2b0f72300",4069895803144755,4069895803154576,4069895805693805,4069895805732832,2539229
73,"void __acpp_kernel<main::{lambda(hipsycl::sycl::handler&)#2}::operator()(hipsycl::sycl::handler&) const::{lambda(hipsycl::sycl::id<2>)#1}>() [clone .kd]",4,3,146,68285,68285,256000000,256,0,0,16,0,32,64,"0x0","0x14e2b0f72340",4069895805752140,4069895805761006,4069895808298636,4069895808339095,2537630
74,"void __acpp_kernel<main::{lambda(hipsycl::sycl::handler&)#3}::operator()(hipsycl::sycl::handler&) const::{lambda(hipsycl::sycl::id<2>)#1}>() [clone .kd]",4,2,150,68285,68285,256000000,256,0,0,16,0,32,64,"0x0","0x14e2b0f72300",4069895808355737,4069895808364716,4069895810901866,4069895810940598,2537150
75,"void __acpp_kernel<main::{lambda(hipsycl::sycl::handler&)#2}::operator()(hipsycl::sycl::handler&) const::{lambda(hipsycl::sycl::id<2>)#1}>() [clone .kd]",4,3,150,68285,68285,256000000,256,0,0,16,0,32,64,"0x0","0x14e2b0f72340",4069895810956439,4069895810966026,4069895813497735,4069895813532022,2531709
76,"void __acpp_kernel<main::{lambda(hipsycl::sycl::handler&)#3}::operator()(hipsycl::sycl::handler&) const::{lambda(hipsycl::sycl::id<2>)#1}>() [clone .kd]",4,2,154,68285,68285,256000000,256,0,0,16,0,32,64,"0x0","0x14e2b0f72300",4069895813555989,4069895813564136,4069895816140166,4069895816181609,2576030
77,"void __acpp_kernel<main::{lambda(hipsycl::sycl::handler&)#2}::operator()(hipsycl::sycl::handler&) const::{lambda(hipsycl::sycl::id<2>)#1}>() [clone .kd]",4,3,154,68285,68285,256000000,256,0,0,16,0,32,64,"0x0","0x14e2b0f72340",4069895816200246,4069895816210248,4069895818749317,4069895818789104,2539069
78,"void __acpp_kernel<main::{lambda(hipsycl::sycl::handler&)#3}::operator()(hipsycl::sycl::handler&) const::{lambda(hipsycl::sycl::id<2>)#1}>() [clone .kd]",4,2,158,68285,68285,256000000,256,0,0,16,0,32,64,"0x0","0x14e2b0f72300",4069895818808111,4069895818818117,4069895821352546,4069895821386880,2534429
79,"void __acpp_kernel<main::{lambda(hipsycl::sycl::handler&)#2}::operator()(hipsycl::sycl::handler&) const::{lambda(hipsycl::sycl::id<2>)#1}>() [clone .kd]",4,3,158,68285,68285,256000000,256,0,0,16,0,32,64,"0x0","0x14e2b0f72340",4069895821409184,4069895821419107,4069895823954016,4069895823993814,2534909
80,"void __acpp_kernel<main::{lambda(hipsycl::sycl::handler&)#3}::operator()(hipsycl::sycl::handler&) const::{lambda(hipsycl::sycl::id<2>)#1}>() [clone .kd]",4,2,162,68285,68285,256000000,256,0,0,16,0,32,64,"0x0","0x14e2b0f72300",4069895824012911,4069895824022497,4069895826553726,4069895826572323,2531229
81,"void __acpp_kernel<main::{lambda(hipsycl::sycl::handler&)#2}::operator()(hipsycl::sycl::handler&) const::{lambda(hipsycl::sycl::id<2>)#1}>() [clone .kd]",4,3,162,68285,68285,256000000,256,0,0,16,0,32,64,"0x0","0x14e2b0f72340",4069895826618051,4069895826625887,4069895829155996,4069895829190588,2530109
82,"void __acpp_kernel<main::{lambda(hipsycl::sycl::handler&)#3}::operator()(hipsycl::sycl::handler&) const::{lambda(hipsycl::sycl::id<2>)#1}>() [clone .kd]",4,2,166,68285,68285,256000000,256,0,0,16,0,32,64,"0x0","0x14e2b0f72300",4069895829213092,4069895829223517,4069895831759066,4069895831798905,2535549
83,"void __acpp_kernel<main::{lambda(hipsycl::sycl::handler&)#2}::operator()(hipsycl::sycl::handler&) const::{lambda(hipsycl::sycl::id<2>)#1}>() [clone .kd]",4,3,166,68285,68285,256000000,256,0,0,16,0,32,64,"0x0","0x14e2b0f72340",4069895831814425,4069895831823547,4069895834353656,4069895834393755,2530109
84,"void __acpp_kernel<main::{lambda(hipsycl::sycl::handler&)#3}::operator()(hipsycl::sycl::handler&) const::{lambda(hipsycl::sycl::id<2>)#1}>() [clone .kd]",4,2,170,68285,68285,256000000,256,0,0,16,0,32,64,"0x0","0x14e2b0f72300",4069895834408394,4069895834415417,4069895836953686,4069895836988024,2538269
85,"void __acpp_kernel<main::{lambda(hipsycl::sycl::handler&)#2}::operator()(hipsycl::sycl::handler&) const::{lambda(hipsycl::sycl::id<2>)#1}>() [clone .kd]",4,3,170,68285,68285,256000000,256,0,0,16,0,32,64,"0x0","0x14e2b0f72340",4069895837012772,4069895837022647,4069895839556596,4069895839637030,2533949
86,"void __acpp_kernel<main::{lambda(hipsycl::sycl::handler&)#3}::operator()(hipsycl::sycl::handler&) const::{lambda(hipsycl::sycl::id<2>)#1}>() [clone .kd]",4,2,174,68285,68285,256000000,256,0,0,16,0,32,64,"0x0","0x14e2b0f72300",4069895839669323,4069895839679478,4069895842215347,4069895842259714,2535869
87,"void __acpp_kernel<main::{lambda(hipsycl::sycl::handler&)#2}::operator()(hipsycl::sycl::handler&) const::{lambda(hipsycl::sycl::id<2>)#1}>() [clone .kd]",4,3,174,68285,68285,256000000,256,0,0,16,0,32,64,"0x0","0x14e2b0f72340",4069895842271818,4069895842280308,4069895844812977,4069895844848964,2532669
88,"void __acpp_kernel<main::{lambda(hipsycl::sycl::handler&)#3}::operator()(hipsycl::sycl::handler&) const::{lambda(hipsycl::sycl::id<2>)#1}>() [clone .kd]",4,2,178,68285,68285,256000000,256,0,0,16,0,32,64,"0x0","0x14e2b0f72300",4069895844872269,4069895844880818,4069895847412527,4069895847450687,2531709
89,"void __acpp_kernel<main::{lambda(hipsycl::sycl::handler&)#2}::operator()(hipsycl::sycl::handler&) const::{lambda(hipsycl::sycl::id<2>)#1}>() [clone .kd]",4,3,178,68285,68285,256000000,256,0,0,16,0,32,64,"0x0","0x14e2b0f72340",4069895847465737,4069895847472207,4069895850008717,4069895850048714,2536510
90,"void __acpp_kernel<main::{lambda(hipsycl::sycl::handler&)#3}::operator()(hipsycl::sycl::handler&) const::{lambda(hipsycl::sycl::id<2>)#1}>() [clone .kd]",4,2,182,68285,68285,256000000,256,0,0,16,0,32,64,"0x0","0x14e2b0f72300",4069895850067440,4069895850077197,4069895852612747,4069895852651560,2535550
91,"void __acpp_kernel<main::{lambda(hipsycl::sycl::handler&)#2}::operator()(hipsycl::sycl::handler&) const::{lambda(hipsycl::sycl::id<2>)#1}>() [clone .kd]",4,3,182,68285,68285,256000000,256,0,0,16,0,32,64,"0x0","0x14e2b0f72340",4069895852668452,4069895852676907,4069895855215497,4069895855253364,2538590
92,"void __acpp_kernel<main::{lambda(hipsycl::sycl::handler&)#3}::operator()(hipsycl::sycl::handler&) const::{lambda(hipsycl::sycl::id<2>)#1}>() [clone .kd]",4,2,186,68285,68285,256000000,256,0,0,16,0,32,64,"0x0","0x14e2b0f72300",4069895855270477,4069895855277257,4069895857815847,4069895857857692,2538590
93,"void __acpp_kernel<main::{lambda(hipsycl::sycl::handler&)#2}::operator()(hipsycl::sycl::handler&) const::{lambda(hipsycl::sycl::id<2>)#1}>() [clone .kd]",4,3,186,68285,68285,256000000,256,0,0,16,0,32,64,"0x0","0x14e2b0f72340",4069895857872551,4069895857880807,4069895860420197,4069895860458614,2539390
94,"void __acpp_kernel<main::{lambda(hipsycl::sycl::handler&)#3}::operator()(hipsycl::sycl::handler&) const::{lambda(hipsycl::sycl::id<2>)#1}>() [clone .kd]",4,2,190,68285,68285,256000000,256,0,0,16,0,32,64,"0x0","0x14e2b0f72300",4069895860471259,4069895860478277,4069895863013347,4069895863051481,2535070
95,"void __acpp_kernel<main::{lambda(hipsycl::sycl::handler&)#2}::operator()(hipsycl::sycl::handler&) const::{lambda(hipsycl::sycl::id<2>)#1}>() [clone .kd]",4,3,190,68285,68285,256000000,256,0,0,16,0,32,64,"0x0","0x14e2b0f72340",4069895863067001,4069895863073507,4069895865601856,4069895865638256,2528349
96,"void __acpp_kernel<main::{lambda(hipsycl::sycl::handler&)#3}::operator()(hipsycl::sycl::handler&) const::{lambda(hipsycl::sycl::id<2>)#1}>() [clone .kd]",4,2,194,68285,68285,256000000,256,0,0,16,0,32,64,"0x0","0x14e2b0f72300",4069895865660589,4069895865670177,4069895868207006,4069895868249398,2536829
97,"void __acpp_kernel<main::{lambda(hipsycl::sycl::handler&)#2}::operator()(hipsycl::sycl::handler&) const::{lambda(hipsycl::sycl::id<2>)#1}>() [clone .kd]",4,3,194,68285,68285,256000000,256,0,0,16,0,32,64,"0x0","0x14e2b0f72340",4069895868260640,4069895868267967,4069895870803676,4069895870844068,2535709
98,"void __acpp_kernel<main::{lambda(hipsycl::sycl::handler&)#3}::operator()(hipsycl::sycl::handler&) const::{lambda(hipsycl::sycl::id<2>)#1}>() [clone .kd]",4,2,198,68285,68285,256000000,256,0,0,16,0,32,64,"0x0","0x14e2b0f72300",4069895870858476,4069895870866397,4069895873407546,4069895873443628,2541149
99,"void __acpp_kernel<main::{lambda(hipsycl::sycl::handler&)#2}::operator()(hipsycl::sycl::handler&) const::{lambda(hipsycl::sycl::id<2>)#1}>() [clone .kd]",4,3,198,68285,68285,256000000,256,0,0,16,0,32,64,"0x0","0x14e2b0f72340",4069895873462715,4069895873471227,4069895876009016,4069895876051403,2537789
100,"void __acpp_kernel<main::{lambda(hipsycl::sycl::handler&)#3}::operator()(hipsycl::sycl::handler&) const::{lambda(hipsycl::sycl::id<2>)#1}>() [clone .kd]",4,2,202,68285,68285,256000000,256,0,0,16,0,32,64,"0x0","0x14e2b0f72300",4069895876061443,4069895876068217,4069895878608246,4069895878648017,2540029
101,"void __acpp_kernel<main::{lambda(hipsycl::sycl::handler&)#2}::operator()(hipsycl::sycl::handler&) const::{lambda(hipsycl::sycl::id<2>)#1}>() [clone .kd]",4,3,202,68285,68285,256000000,256,0,0,16,0,32,64,"0x0","0x14e2b0f72340",4069895878667936,4069895878674807,4069895881209876,4069895881246104,2535069
102,"void __acpp_kernel<main::{lambda(hipsycl::sycl::handler&)#3}::operator()(hipsycl::sycl::handler&) const::{lambda(hipsycl::sycl::id<2>)#1}>() [clone .kd]",4,2,206,68285,68285,256000000,256,0,0,16,0,32,64,"0x0","0x14e2b0f72300",4069895881265080,4069895881275061,4069895883814130,4069895883834371,2539069
103,"void __acpp_kernel<main::{lambda(hipsycl::sycl::handler&)#2}::operator()(hipsycl::sycl::handler&) const::{lambda(hipsycl::sycl::id<2>)#1}>() [clone .kd]",4,3,206,68285,68285,256000000,256,0,0,16,0,32,64,"0x0","0x14e2b0f72340",4069895883877916,4069895883886130,4069895886416719,4069895886434662,2530589
104,"void __acpp_kernel<main::{lambda(hipsycl::sycl::handler&)#3}::operator()(hipsycl::sycl::handler&) const::{lambda(hipsycl::sycl::id<2>)#1}>() [clone .kd]",4,2,210,68285,68285,256000000,256,0,0,16,0,32,64,"0x0","0x14e2b0f72300",4069895886479960,4069895886487600,4069895889025550,4069895889061464,2537950
105,"void __acpp_kernel<main::{lambda(hipsycl::sycl::handler&)#2}::operator()(hipsycl::sycl::handler&) const::{lambda(hipsycl::sycl::id<2>)#1}>() [clone .kd]",4,3,210,68285,68285,256000000,256,0,0,16,0,32,64,"0x0","0x14e2b0f72340",4069895889084068,4069895889093711,4069895891624140,4069895891663849,2530429
106,"void __acpp_kernel<main::{lambda(hipsycl::sycl::handler&)#3}::operator()(hipsycl::sycl::handler&) const::{lambda(hipsycl::sycl::id<2>)#1}>() [clone .kd]",4,2,214,68285,68285,256000000,256,0,0,16,0,32,64,"0x0","0x14e2b0f72300",4069895891678508,4069895891685261,4069895894221610,4069895894261515,2536349
107,"void __acpp_kernel<main::{lambda(hipsycl::sycl::handler&)#2}::operator()(hipsycl::sycl::handler&) const::{lambda(hipsycl::sycl::id<2>)#1}>() [clone .kd]",4,3,214,68285,68285,256000000,256,0,0,16,0,32,64,"0x0","0x14e2b0f72340",4069895894280021,4069895894289611,4069895896829000,4069895896866956,2539389
108,"void __acpp_kernel<main::{lambda(hipsycl::sycl::handler&)#3}::operator()(hipsycl::sycl::handler&) const::{lambda(hipsycl::sycl::id<2>)#1}>() [clone .kd]",4,2,218,68285,68285,256000000,256,0,0,16,0,32,64,"0x0","0x14e2b0f72300",4069895896886754,4069895896896521,4069895899435911,4069895899476605,2539390
109,"void __acpp_kernel<main::{lambda(hipsycl::sycl::handler&)#2}::operator()(hipsycl::sycl::handler&) const::{lambda(hipsycl::sycl::id<2>)#1}>() [clone .kd]",4,3,218,68285,68285,256000000,256,0,0,16,0,32,64,"0x0","0x14e2b0f72340",4069895899485472,4069895899492231,4069895902026981,4069895902068319,2534750
110,"void __acpp_kernel<main::{lambda(hipsycl::sycl::handler&)#3}::operator()(hipsycl::sycl::handler&) const::{lambda(hipsycl::sycl::id<2>)#1}>() [clone .kd]",4,2,222,68285,68285,256000000,256,0,0,16,0,32,64,"0x0","0x14e2b0f72300",4069895902083368,4069895902092102,4069895904623331,4069895904664893,2531229
111,"void __acpp_kernel<main::{lambda(hipsycl::sycl::handler&)#2}::operator()(hipsycl::sycl::handler&) const::{lambda(hipsycl::sycl::id<2>)#1}>() [clone .kd]",4,3,222,68285,68285,256000000,256,0,0,16,0,32,64,"0x0","0x14e2b0f72340",4069895904680082,4069895904688612,4069895907226241,4069895907264523,2537629
112,"void __acpp_kernel<main::{lambda(hipsycl::sycl::handler&)#3}::operator()(hipsycl::sycl::handler&) const::{lambda(hipsycl::sycl::id<2>)#1}>() [clone .kd]",4,2,226,68285,68285,256000000,256,0,0,16,0,32,64,"0x0","0x14e2b0f72300",4069895907280303,4069895907289122,4069895909826911,4069895909866737,2537789
113,"void __acpp_kernel<main::{lambda(hipsycl::sycl::handler&)#2}::operator()(hipsycl::sycl::handler&) const::{lambda(hipsycl::sycl::id<2>)#1}>() [clone .kd]",4,3,226,68285,68285,256000000,256,0,0,16,0,32,64,"0x0","0x14e2b0f72340",4069895909881897,4069895909888832,4069895912427902,4069895912468361,2539070
114,"void __acpp_kernel<main::{lambda(hipsycl::sycl::handler&)#3}::operator()(hipsycl::sycl::handler&) const::{lambda(hipsycl::sycl::id<2>)#1}>() [clone .kd]",4,2,230,68285,68285,256000000,256,0,0,16,0,32,64,"0x0","0x14e2b0f72300",4069895912483470,4069895912491582,4069895915028732,4069895915068742,2537150
115,"void __acpp_kernel<main::{lambda(hipsycl::sycl::handler&)#2}::operator()(hipsycl::sycl::handler&) const::{lambda(hipsycl::sycl::id<2>)#1}>() [clone .kd]",4,3,230,68285,68285,256000000,256,0,0,16,0,32,64,"0x0","0x14e2b0f72340",4069895915080445,4069895915089212,4069895917667642,4069895917702939,2578430
116,"void __acpp_kernel<main::{lambda(hipsycl::sycl::handler&)#3}::operator()(hipsycl::sycl::handler&) const::{lambda(hipsycl::sycl::id<2>)#1}>() [clone .kd]",4,2,234,68285,68285,256000000,256,0,0,16,0,32,64,"0x0","0x14e2b0f72300",4069895917724131,4069895917732123,4069895920267833,4069895920307879,2535710
117,"void __acpp_kernel<main::{lambda(hipsycl::sycl::handler&)#2}::operator()(hipsycl::sycl::handler&) const::{lambda(hipsycl::sycl::id<2>)#1}>() [clone .kd]",4,3,234,68285,68285,256000000,256,0,0,16,0,32,64,"0x0","0x14e2b0f72340",4069895920320043,4069895920326873,4069895922862743,4069895922902038,2535870
118,"void __acpp_kernel<main::{lambda(hipsycl::sycl::handler&)#3}::operator()(hipsycl::sycl::handler&) const::{lambda(hipsycl::sycl::id<2>)#1}>() [clone .kd]",4,2,238,68285,68285,256000000,256,0,0,16,0,32,64,"0x0","0x14e2b0f72300",4069895922917338,4069895922924983,4069895925465333,4069895925501007,2540350
119,"void __acpp_kernel<main::{lambda(hipsycl::sycl::handler&)#2}::operator()(hipsycl::sycl::handler&) const::{lambda(hipsycl::sycl::id<2>)#1}>() [clone .kd]",4,3,238,68285,68285,256000000,256,0,0,16,0,32,64,"0x0","0x14e2b0f72340",4069895925522078,4069895925529814,4069895928058643,4069895928100566,2528829
120,"void __acpp_kernel<main::{lambda(hipsycl::sycl::handler&)#3}::operator()(hipsycl::sycl::handler&) const::{lambda(hipsycl::sycl::id<2>)#1}>() [clone .kd]",4,2,242,68285,68285,256000000,256,0,0,16,0,32,64,"0x0","0x14e2b0f72300",4069895928116357,4069895928126644,4069895930656913,4069895930697410,2530269
121,"void __acpp_kernel<main::{lambda(hipsycl::sycl::handler&)#2}::operator()(hipsycl::sycl::handler&) const::{lambda(hipsycl::sycl::id<2>)#1}>() [clone .kd]",4,3,242,68285,68285,256000000,256,0,0,16,0,32,64,"0x0","0x14e2b0f72340",4069895930708923,4069895930715634,4069895933250543,4069895933286479,2534909
122,"void __acpp_kernel<main::{lambda(hipsycl::sycl::handler&)#3}::operator()(hipsycl::sycl::handler&) const::{lambda(hipsycl::sycl::id<2>)#1}>() [clone .kd]",4,2,246,68285,68285,256000000,256,0,0,16,0,32,64,"0x0","0x14e2b0f72300",4069895933308031,4069895933315824,4069895935845293,4069895935885528,2529469
123,"void __acpp_kernel<main::{lambda(hipsycl::sycl::handler&)#2}::operator()(hipsycl::sycl::handler&) const::{lambda(hipsycl::sycl::id<2>)#1}>() [clone .kd]",4,3,246,68285,68285,256000000,256,0,0,16,0,32,64,"0x0","0x14e2b0f72340",4069895935899505,4069895935906414,4069895938441164,4069895938481741,2534750
124,"void __acpp_kernel<main::{lambda(hipsycl::sycl::handler&)#3}::operator()(hipsycl::sycl::handler&) const::{lambda(hipsycl::sycl::id<2>)#1}>() [clone .kd]",4,2,250,68285,68285,256000000,256,0,0,16,0,32,64,"0x0","0x14e2b0f72300",4069895938496770,4069895938505644,4069895941042474,4069895941060219,2536830
125,"void __acpp_kernel<main::{lambda(hipsycl::sycl::handler&)#2}::operator()(hipsycl::sycl::handler&) const::{lambda(hipsycl::sycl::id<2>)#1}>() [clone .kd]",4,3,250,68285,68285,256000000,256,0,0,16,0,32,64,"0x0","0x14e2b0f72340",4069895941106680,4069895941117195,4069895943654184,4069895943671451,2536989
126,"void __acpp_kernel<main::{lambda(hipsycl::sycl::handler&)#3}::operator()(hipsycl::sycl::handler&) const::{lambda(hipsycl::sycl::id<2>)#1}>() [clone .kd]",4,2,254,68285,68285,256000000,256,0,0,16,0,32,64,"0x0","0x14e2b0f72300",4069895943719354,4069895943727145,4069895946267174,4069895946308544,2540029
127,"void __acpp_kernel<main::{lambda(hipsycl::sycl::handler&)#2}::operator()(hipsycl::sycl::handler&) const::{lambda(hipsycl::sycl::id<2>)#1}>() [clone .kd]",4,3,254,68285,68285,256000000,256,0,0,16,0,32,64,"0x0","0x14e2b0f72340",4069895946317541,4069895946325782,4069895948858451,4069895948898294,2532669
128,"void __acpp_kernel<main::{lambda(hipsycl::sycl::handler&)#3}::operator()(hipsycl::sycl::handler&) const::{lambda(hipsycl::sycl::id<2>)#1}>() [clone .kd]",4,2,258,68285,68285,256000000,256,0,0,16,0,32,64,"0x0","0x14e2b0f72300",4069895948921159,4069895948931251,4069895951466960,4069895951557079,2535709
129,"void __acpp_kernel<main::{lambda(hipsycl::sycl::handler&)#2}::operator()(hipsycl::sycl::handler&) const::{lambda(hipsycl::sycl::id<2>)#1}>() [clone .kd]",4,3,258,68285,68285,256000000,256,0,0,16,0,32,64,"0x0","0x14e2b0f72340",4069895951544093,4069895951555921,4069895954086991,4069895954127351,2531070
130,"void __acpp_kernel<main::{lambda(hipsycl::sycl::handler&)#3}::operator()(hipsycl::sycl::handler&) const::{lambda(hipsycl::sycl::id<2>)#1}>() [clone .kd]",4,2,262,68285,68285,256000000,256,0,0,16,0,32,64,"0x0","0x14e2b0f72300",4069895954145607,4069895954155792,4069895956692461,4069895956733974,2536669
131,"void __acpp_kernel<main::{lambda(hipsycl::sycl::handler&)#2}::operator()(hipsycl::sycl::handler&) const::{lambda(hipsycl::sycl::id<2>)#1}>() [clone .kd]",4,3,262,68285,68285,256000000,256,0,0,16,0,32,64,"0x0","0x14e2b0f72340",4069895956747962,4069895956754862,4069895959297291,4069895959336920,2542429
132,"void __acpp_kernel<main::{lambda(hipsycl::sycl::handler&)#3}::operator()(hipsycl::sycl::handler&) const::{lambda(hipsycl::sycl::id<2>)#1}>() [clone .kd]",4,2,266,68285,68285,256000000,256,0,0,16,0,32,64,"0x0","0x14e2b0f72300",4069895959349285,4069895959356012,4069895961890281,4069895961926340,2534269
133,"void __acpp_kernel<main::{lambda(hipsycl::sycl::handler&)#2}::operator()(hipsycl::sycl::handler&) const::{lambda(hipsycl::sycl::id<2>)#1}>() [clone .kd]",4,3,266,68285,68285,256000000,256,0,0,16,0,32,64,"0x0","0x14e2b0f72340",4069895961944786,4069895961954282,4069895964491271,4069895964532443,2536989
134,"void __acpp_kernel<main::{lambda(hipsycl::sycl::handler&)#3}::operator()(hipsycl::sycl::handler&) const::{lambda(hipsycl::sycl::id<2>)#1}>() [clone .kd]",4,2,270,68285,68285,256000000,256,0,0,16,0,32,64,"0x0","0x14e2b0f72300",4069895964545097,4069895964551912,4069895967090821,4069895967130179,2538909
135,"void __acpp_kernel<main::{lambda(hipsycl::sycl::handler&)#2}::operator()(hipsycl::sycl::handler&) const::{lambda(hipsycl::sycl::id<2>)#1}>() [clone .kd]",4,3,270,68285,68285,256000000,256,0,0,16,0,32,64,"0x0","0x14e2b0f72340",4069895967144257,4069895967151782,4069895969688931,4069895969725581,2537149
136,"void __acpp_kernel<main::{lambda(hipsycl::sycl::handler&)#3}::operator()(hipsycl::sycl::handler&) const::{lambda(hipsycl::sycl::id<2>)#1}>() [clone .kd]",4,2,274,68285,68285,256000000,256,0,0,16,0,32,64,"0x0","0x14e2b0f72300",4069895969744217,4069895969750692,4069895972286401,4069895972328286,2535709
137,"void __acpp_kernel<main::{lambda(hipsycl::sycl::handler&)#2}::operator()(hipsycl::sycl::handler&) const::{lambda(hipsycl::sycl::id<2>)#1}>() [clone .kd]",4,3,274,68285,68285,256000000,256,0,0,16,0,32,64,"0x0","0x14e2b0f72340",4069895972342925,4069895972351682,4069895974889311,4069895974927094,2537629
138,"void __acpp_kernel<main::{lambda(hipsycl::sycl::handler&)#3}::operator()(hipsycl::sycl::handler&) const::{lambda(hipsycl::sycl::id<2>)#1}>() [clone .kd]",4,2,278,68285,68285,256000000,256,0,0,16,0,32,64,"0x0","0x14e2b0f72300",4069895974941572,4069895974948032,4069895977489502,4069895977525311,2541470
139,"void __acpp_kernel<main::{lambda(hipsycl::sycl::handler&)#2}::operator()(hipsycl::sycl::handler&) const::{lambda(hipsycl::sycl::id<2>)#1}>() [clone .kd]",4,3,278,68285,68285,256000000,256,0,0,16,0,32,64,"0x0","0x14e2b0f72340",4069895977546472,4069895977554462,4069895980089212,4069895980131824,2534750
140,"void __acpp_kernel<main::{lambda(hipsycl::sycl::handler&)#3}::operator()(hipsycl::sycl::handler&) const::{lambda(hipsycl::sycl::id<2>)#1}>() [clone .kd]",4,2,282,68285,68285,256000000,256,0,0,16,0,32,64,"0x0","0x14e2b0f72300",4069895980139509,4069895980158652,4069895982696762,4069895982736153,2538110
141,"void __acpp_kernel<main::{lambda(hipsycl::sycl::handler&)#2}::operator()(hipsycl::sycl::handler&) const::{lambda(hipsycl::sycl::id<2>)#1}>() [clone .kd]",4,3,282,68285,68285,256000000,256,0,0,16,0,32,64,"0x0","0x14e2b0f72340",4069895982750922,4069895982758842,4069895985288472,4069895985324501,2529630
142,"void __acpp_kernel<main::{lambda(hipsycl::sycl::handler&)#3}::operator()(hipsycl::sycl::handler&) const::{lambda(hipsycl::sycl::id<2>)#1}>() [clone .kd]",4,2,286,68285,68285,256000000,256,0,0,16,0,32,64,"0x0","0x14e2b0f72300",4069895985341494,4069895985348312,4069895987882902,4069895987924481,2534590
143,"void __acpp_kernel<main::{lambda(hipsycl::sycl::handler&)#2}::operator()(hipsycl::sycl::handler&) const::{lambda(hipsycl::sycl::id<2>)#1}>() [clone .kd]",4,3,286,68285,68285,256000000,256,0,0,16,0,32,64,"0x0","0x14e2b0f72340",4069895987934300,4069895987941142,4069895990476532,4069895990516095,2535390
144,"void __acpp_kernel<main::{lambda(hipsycl::sycl::handler&)#3}::operator()(hipsycl::sycl::handler&) const::{lambda(hipsycl::sycl::id<2>)#1}>() [clone .kd]",4,2,290,68285,68285,256000000,256,0,0,16,0,32,64,"0x0","0x14e2b0f72300",4069895990532897,4069895990540693,4069895993080242,4069895993116686,2539549
145,"void __acpp_kernel<main::{lambda(hipsycl::sycl::handler&)#2}::operator()(hipsycl::sycl::handler&) const::{lambda(hipsycl::sycl::id<2>)#1}>() [clone .kd]",4,3,290,68285,68285,256000000,256,0,0,16,0,32,64,"0x0","0x14e2b0f72340",4069895993134651,4069895993143763,4069895995676272,4069895995718460,2532509
146,"void __acpp_kernel<main::{lambda(hipsycl::sycl::handler&)#3}::operator()(hipsycl::sycl::handler&) const::{lambda(hipsycl::sycl::id<2>)#1}>() [clone .kd]",4,2,294,68285,68285,256000000,256,0,0,16,0,32,64,"0x0","0x14e2b0f72300",4069895995731185,4069895995738033,4069895998271342,4069895998288272,2533309
147,"void __acpp_kernel<main::{lambda(hipsycl::sycl::handler&)#2}::operator()(hipsycl::sycl::handler&) const::{lambda(hipsycl::sycl::id<2>)#1}>() [clone .kd]",4,3,294,68285,68285,256000000,256,0,0,16,0,32,64,"0x0","0x14e2b0f72340",4069895998338359,4069895998346063,4069896000877132,4069896000918801,2531069
148,"void __acpp_kernel<main::{lambda(hipsycl::sycl::handler&)#3}::operator()(hipsycl::sycl::handler&) const::{lambda(hipsycl::sycl::id<2>)#1}>() [clone .kd]",4,2,298,68285,68285,256000000,256,0,0,16,0,32,64,"0x0","0x14e2b0f72300",4069896000925805,4069896000945453,4069896003483882,4069896003523320,2538429
149,"void __acpp_kernel<main::{lambda(hipsycl::sycl::handler&)#2}::operator()(hipsycl::sycl::handler&) const::{lambda(hipsycl::sycl::id<2>)#1}>() [clone .kd]",4,3,298,68285,68285,256000000,256,0,0,16,0,32,64,"0x0","0x14e2b0f72340",4069896003537859,4069896003544683,4069896006082792,4069896006122369,2538109
150,"void __acpp_kernel<main::{lambda(hipsycl::sycl::handler&)#3}::operator()(hipsycl::sycl::handler&) const::{lambda(hipsycl::sycl::id<2>)#1}>() [clone .kd]",4,2,302,68285,68285,256000000,256,0,0,16,0,32,64,"0x0","0x14e2b0f72300",4069896006143791,4069896006152393,4069896008686662,4069896008728130,2534269
151,"void __acpp_kernel<main::{lambda(hipsycl::sycl::handler&)#2}::operator()(hipsycl::sycl::handler&) const::{lambda(hipsycl::sycl::id<2>)#1}>() [clone .kd]",4,3,302,68285,68285,256000000,256,0,0,16,0,32,64,"0x0","0x14e2b0f72340",4069896008738450,4069896008745383,4069896011279332,4069896011319033,2533949
152,"void __acpp_kernel<main::{lambda(hipsycl::sycl::handler&)#3}::operator()(hipsycl::sycl::handler&) const::{lambda(hipsycl::sycl::id<2>)#1}>() [clone .kd]",4,2,306,68285,68285,256000000,256,0,0,16,0,32,64,"0x0","0x14e2b0f72300",4069896011333140,4069896011339928,4069896013878197,4069896013913412,2538269
153,"void __acpp_kernel<main::{lambda(hipsycl::sycl::handler&)#2}::operator()(hipsycl::sycl::handler&) const::{lambda(hipsycl::sycl::id<2>)#1}>() [clone .kd]",4,3,306,68285,68285,256000000,256,0,0,16,0,32,64,"0x0","0x14e2b0f72340",4069896013942800,4069896013950837,4069896016488626,4069896016529865,2537789
154,"void __acpp_kernel<main::{lambda(hipsycl::sycl::handler&)#3}::operator()(hipsycl::sycl::handler&) const::{lambda(hipsycl::sycl::id<2>)#1}>() [clone .kd]",4,2,310,68285,68285,256000000,256,0,0,16,0,32,64,"0x0","0x14e2b0f72300",4069896016544794,4069896016553267,4069896019090736,4069896019131249,2537469
155,"void __acpp_kernel<main::{lambda(hipsycl::sycl::handler&)#2}::operator()(hipsycl::sycl::handler&) const::{lambda(hipsycl::sycl::id<2>)#1}>() [clone .kd]",4,3,310,68285,68285,256000000,256,0,0,16,0,32,64,"0x0","0x14e2b0f72340",4069896019140977,4069896019158737,4069896021697006,4069896021736870,2538269
156,"void __acpp_kernel<main::{lambda(hipsycl::sycl::handler&)#3}::operator()(hipsycl::sycl::handler&) const::{lambda(hipsycl::sycl::id<2>)#1}>() [clone .kd]",4,2,314,68285,68285,256000000,256,0,0,16,0,32,64,"0x0","0x14e2b0f72300",4069896021752330,4069896021763087,4069896024302636,4069896024344485,2539549
157,"void __acpp_kernel<main::{lambda(hipsycl::sycl::handler&)#2}::operator()(hipsycl::sycl::handler&) const::{lambda(hipsycl::sycl::id<2>)#1}>() [clone .kd]",4,3,314,68285,68285,256000000,256,0,0,16,0,32,64,"0x0","0x14e2b0f72340",4069896024357039,4069896024364397,4069896026900586,4069896026939385,2536189
158,"void __acpp_kernel<main::{lambda(hipsycl::sycl::handler&)#3}::operator()(hipsycl::sycl::handler&) const::{lambda(hipsycl::sycl::id<2>)#1}>() [clone .kd]",4,2,318,68285,68285,256000000,256,0,0,16,0,32,64,"0x0","0x14e2b0f72300",4069896026953994,4069896026962667,4069896029503656,4069896029539366,2540989
159,"void __acpp_kernel<main::{lambda(hipsycl::sycl::handler&)#2}::operator()(hipsycl::sycl::handler&) const::{lambda(hipsycl::sycl::id<2>)#1}>() [clone .kd]",4,3,318,68285,68285,256000000,256,0,0,16,0,32,64,"0x0","0x14e2b0f72340",4069896029561659,4069896029571657,4069896032103846,4069896032144085,2532189
160,"void __acpp_kernel<main::{lambda(hipsycl::sycl::handler&)#3}::operator()(hipsycl::sycl::handler&) const::{lambda(hipsycl::sycl::id<2>)#1}>() [clone .kd]",4,2,322,68285,68285,256000000,256,0,0,16,0,32,64,"0x0","0x14e2b0f72300",4069896032156219,4069896032162886,4069896034695876,4069896034736912,2532990
161,"void __acpp_kernel<main::{lambda(hipsycl::sycl::handler&)#2}::operator()(hipsycl::sycl::handler&) const::{lambda(hipsycl::sycl::id<2>)#1}>() [clone .kd]",4,3,322,68285,68285,256000000,256,0,0,16,0,32,64,"0x0","0x14e2b0f72340",4069896034748504,4069896034755076,4069896037297185,4069896037339697,2542109
162,"void __acpp_kernel<main::{lambda(hipsycl::sycl::handler&)#3}::operator()(hipsycl::sycl::handler&) const::{lambda(hipsycl::sycl::id<2>)#1}>() [clone .kd]",4,2,326,68285,68285,256000000,256,0,0,16,0,32,64,"0x0","0x14e2b0f72300",4069896037354386,4069896037363426,4069896039902655,4069896039943535,2539229
163,"void __acpp_kernel<main::{lambda(hipsycl::sycl::handler&)#2}::operator()(hipsycl::sycl::handler&) const::{lambda(hipsycl::sycl::id<2>)#1}>() [clone .kd]",4,3,326,68285,68285,256000000,256,0,0,16,0,32,64,"0x0","0x14e2b0f72340",4069896039955058,4069896039961856,4069896042500925,4069896042541742,2539069
164,"void __acpp_kernel<main::{lambda(hipsycl::sycl::handler&)#3}::operator()(hipsycl::sycl::handler&) const::{lambda(hipsycl::sycl::id<2>)#1}>() [clone .kd]",4,2,330,68285,68285,256000000,256,0,0,16,0,32,64,"0x0","0x14e2b0f72300",4069896042551280,4069896042569886,4069896045105275,4069896045146582,2535389
165,"void __acpp_kernel<main::{lambda(hipsycl::sycl::handler&)#2}::operator()(hipsycl::sycl::handler&) const::{lambda(hipsycl::sycl::id<2>)#1}>() [clone .kd]",4,3,330,68285,68285,256000000,256,0,0,16,0,32,64,"0x0","0x14e2b0f72340",4069896045165909,4069896045176316,4069896047707385,4069896047734869,2531069
166,"void __acpp_kernel<main::{lambda(hipsycl::sycl::handler&)#3}::operator()(hipsycl::sycl::handler&) const::{lambda(hipsycl::sycl::id<2>)#1}>() [clone .kd]",4,2,334,68285,68285,256000000,256,0,0,16,0,32,64,"0x0","0x14e2b0f72300",4069896047768284,4069896047776026,4069896050309975,4069896050348496,2533949
167,"void __acpp_kernel<main::{lambda(hipsycl::sycl::handler&)#2}::operator()(hipsycl::sycl::handler&) const::{lambda(hipsycl::sycl::id<2>)#1}>() [clone .kd]",4,3,334,68285,68285,256000000,256,0,0,16,0,32,64,"0x0","0x14e2b0f72340",4069896050366762,4069896050375096,4069896052906165,4069896052942194,2531069
168,"void __acpp_kernel<main::{lambda(hipsycl::sycl::handler&)#3}::operator()(hipsycl::sycl::handler&) const::{lambda(hipsycl::sycl::id<2>)#1}>() [clone .kd]",4,2,338,68285,68285,256000000,256,0,0,16,0,32,64,"0x0","0x14e2b0f72300",4069896052965880,4069896052975446,4069896055512115,4069896055528478,2536669
169,"void __acpp_kernel<main::{lambda(hipsycl::sycl::handler&)#2}::operator()(hipsycl::sycl::handler&) const::{lambda(hipsycl::sycl::id<2>)#1}>() [clone .kd]",4,3,338,68285,68285,256000000,256,0,0,16,0,32,64,"0x0","0x14e2b0f72340",4069896055582633,4069896055590196,4069896058120465,4069896058161322,2530269
170,"void __acpp_kernel<main::{lambda(hipsycl::sycl::handler&)#3}::operator()(hipsycl::sycl::handler&) const::{lambda(hipsycl::sycl::id<2>)#1}>() [clone .kd]",4,2,342,68285,68285,256000000,256,0,0,16,0,32,64,"0x0","0x14e2b0f72300",4069896058173756,4069896058180466,4069896060715215,4069896060751032,2534749
171,"void __acpp_kernel<main::{lambda(hipsycl::sycl::handler&)#2}::operator()(hipsycl::sycl::handler&) const::{lambda(hipsycl::sycl::id<2>)#1}>() [clone .kd]",4,3,342,68285,68285,256000000,256,0,0,16,0,32,64,"0x0","0x14e2b0f72340",4069896060771863,4069896060779535,4069896063308365,4069896063399296,2528830
172,"void __acpp_kernel<main::{lambda(hipsycl::sycl::handler&)#3}::operator()(hipsycl::sycl::handler&) const::{lambda(hipsycl::sycl::id<2>)#1}>() [clone .kd]",4,2,346,68285,68285,256000000,256,0,0,16,0,32,64,"0x0","0x14e2b0f72300",4069896063384878,4069896063394926,4069896065929995,4069896065965662,2535069
173,"void __acpp_kernel<main::{lambda(hipsycl::sycl::handler&)#2}::operator()(hipsycl::sycl::handler&) const::{lambda(hipsycl::sycl::id<2>)#1}>() [clone .kd]",4,3,346,68285,68285,256000000,256,0,0,16,0,32,64,"0x0","0x14e2b0f72340",4069896065987194,4069896065995595,4069896068536105,4069896068571314,2540510
174,"void __acpp_kernel<main::{lambda(hipsycl::sycl::handler&)#3}::operator()(hipsycl::sycl::handler&) const::{lambda(hipsycl::sycl::id<2>)#1}>() [clone .kd]",4,2,350,68285,68285,256000000,256,0,0,16,0,32,64,"0x0","0x14e2b0f72300",4069896068588657,4069896068595305,4069896071133894,4069896071174029,2538589
175,"void __acpp_kernel<main::{lambda(hipsycl::sycl::handler&)#2}::operator()(hipsycl::sycl::handler&) const::{lambda(hipsycl::sycl::id<2>)#1}>() [clone .kd]",4,3,350,68285,68285,256000000,256,0,0,16,0,32,64,"0x0","0x14e2b0f72340",4069896071191703,4069896071200295,4069896073735044,4069896073771855,2534749
176,"void __acpp_kernel<main::{lambda(hipsycl::sycl::handler&)#3}::operator()(hipsycl::sycl::handler&) const::{lambda(hipsycl::sycl::id<2>)#1}>() [clone .kd]",4,2,354,68285,68285,256000000,256,0,0,16,0,32,64,"0x0","0x14e2b0f72300",4069896073789169,4069896073796805,4069896076324674,4069896076360193,2527869
177,"void __acpp_kernel<main::{lambda(hipsycl::sycl::handler&)#2}::operator()(hipsycl::sycl::handler&) const::{lambda(hipsycl::sycl::id<2>)#1}>() [clone .kd]",4,3,354,68285,68285,256000000,256,0,0,16,0,32,64,"0x0","0x14e2b0f72340",4069896076378268,4069896076385021,4069896078918330,4069896078957448,2533309
178,"void __acpp_kernel<main::{lambda(hipsycl::sycl::handler&)#3}::operator()(hipsycl::sycl::handler&) const::{lambda(hipsycl::sycl::id<2>)#1}>() [clone .kd]",4,2,358,68285,68285,256000000,256,0,0,16,0,32,64,"0x0","0x14e2b0f72300",4069896078974611,4069896078982650,4069896081519959,4069896081555805,2537309
179,"void __acpp_kernel<main::{lambda(hipsycl::sycl::handler&)#2}::operator()(hipsycl::sycl::handler&) const::{lambda(hipsycl::sycl::id<2>)#1}>() [clone .kd]",4,3,358,68285,68285,256000000,256,0,0,16,0,32,64,"0x0","0x14e2b0f72340",4069896081572998,4069896081579480,4069896084119349,4069896084160344,2539869
180,"void __acpp_kernel<main::{lambda(hipsycl::sycl::handler&)#3}::operator()(hipsycl::sycl::handler&) const::{lambda(hipsycl::sycl::id<2>)#1}>() [clone .kd]",4,2,362,68285,68285,256000000,256,0,0,16,0,32,64,"0x0","0x14e2b0f72300",4069896084170764,4069896084177750,4069896086715699,4069896086753561,2537949
181,"void __acpp_kernel<main::{lambda(hipsycl::sycl::handler&)#2}::operator()(hipsycl::sycl::handler&) const::{lambda(hipsycl::sycl::id<2>)#1}>() [clone .kd]",4,3,362,68285,68285,256000000,256,0,0,16,0,32,64,"0x0","0x14e2b0f72340",4069896086767959,4069896086775700,4069896089313329,4069896089349564,2537629
182,"void __acpp_kernel<main::{lambda(hipsycl::sycl::handler&)#3}::operator()(hipsycl::sycl::handler&) const::{lambda(hipsycl::sycl::id<2>)#1}>() [clone .kd]",4,2,366,68285,68285,256000000,256,0,0,16,0,32,64,"0x0","0x14e2b0f72300",4069896089370915,4069896089379890,4069896091922640,4069896091964463,2542750
183,"void __acpp_kernel<main::{lambda(hipsycl::sycl::handler&)#2}::operator()(hipsycl::sycl::handler&) const::{lambda(hipsycl::sycl::id<2>)#1}>() [clone .kd]",4,3,366,68285,68285,256000000,256,0,0,16,0,32,64,"0x0","0x14e2b0f72340",4069896091973671,4069896091981680,4069896094521710,4069896094560646,2540030
184,"void __acpp_kernel<main::{lambda(hipsycl::sycl::handler&)#3}::operator()(hipsycl::sycl::handler&) const::{lambda(hipsycl::sycl::id<2>)#1}>() [clone .kd]",4,2,370,68285,68285,256000000,256,0,0,16,0,32,64,"0x0","0x14e2b0f72300",4069896094579142,4069896094586990,4069896097129420,4069896097164895,2542430
185,"void __acpp_kernel<main::{lambda(hipsycl::sycl::handler&)#2}::operator()(hipsycl::sycl::handler&) const::{lambda(hipsycl::sycl::id<2>)#1}>() [clone .kd]",4,3,370,68285,68285,256000000,256,0,0,16,0,32,64,"0x0","0x14e2b0f72340",4069896097183601,4069896097192941,4069896099731370,4069896099758893,2538429
186,"void __acpp_kernel<main::{lambda(hipsycl::sycl::handler&)#3}::operator()(hipsycl::sycl::handler&) const::{lambda(hipsycl::sycl::id<2>)#1}>() [clone .kd]",4,2,374,68285,68285,256000000,256,0,0,16,0,32,64,"0x0","0x14e2b0f72300",4069896099789793,4069896099799691,4069896102333160,4069896102350918,2533469
187,"void __acpp_kernel<main::{lambda(hipsycl::sycl::handler&)#2}::operator()(hipsycl::sycl::handler&) const::{lambda(hipsycl::sycl::id<2>)#1}>() [clone .kd]",4,3,374,68285,68285,256000000,256,0,0,16,0,32,64,"0x0","0x14e2b0f72340",4069896102401677,4069896102409161,4069896104948230,4069896104983662,2539069
188,"void __acpp_kernel<main::{lambda(hipsycl::sycl::handler&)#3}::operator()(hipsycl::sycl::handler&) const::{lambda(hipsycl::sycl::id<2>)#1}>() [clone .kd]",4,2,378,68285,68285,256000000,256,0,0,16,0,32,64,"0x0","0x14e2b0f72300",4069896105005585,4069896105014151,4069896107550660,4069896107591548,2536509
189,"void __acpp_kernel<main::{lambda(hipsycl::sycl::handler&)#2}::operator()(hipsycl::sycl::handler&) const::{lambda(hipsycl::sycl::id<2>)#1}>() [clone .kd]",4,3,378,68285,68285,256000000,256,0,0,16,0,32,64,"0x0","0x14e2b0f72340",4069896107601397,4069896107608101,4069896110136610,4069896110155037,2528509
190,"void __acpp_kernel<main::{lambda(hipsycl::sycl::handler&)#3}::operator()(hipsycl::sycl::handler&) const::{lambda(hipsycl::sycl::id<2>)#1}>() [clone .kd]",4,2,382,68285,68285,256000000,256,0,0,16,0,32,64,"0x0","0x14e2b0f72300",4069896110201928,4069896110210371,4069896112746080,4069896112781900,2535709
191,"void __acpp_kernel<main::{lambda(hipsycl::sycl::handler&)#2}::operator()(hipsycl::sycl::handler&) const::{lambda(hipsycl::sycl::id<2>)#1}>() [clone .kd]",4,3,382,68285,68285,256000000,256,0,0,16,0,32,64,"0x0","0x14e2b0f72340",4069896112797019,4069896112804961,4069896115336030,4069896115377080,2531069
192,"void __acpp_kernel<main::{lambda(hipsycl::sycl::handler&)#3}::operator()(hipsycl::sycl::handler&) const::{lambda(hipsycl::sycl::id<2>)#1}>() [clone .kd]",4,2,386,68285,68285,256000000,256,0,0,16,0,32,64,"0x0","0x14e2b0f72300",4069896115388693,4069896115396991,4069896117924540,4069896117964577,2527549
193,"void __acpp_kernel<main::{lambda(hipsycl::sycl::handler&)#2}::operator()(hipsycl::sycl::handler&) const::{lambda(hipsycl::sycl::id<2>)#1}>() [clone .kd]",4,3,386,68285,68285,256000000,256,0,0,16,0,32,64,"0x0","0x14e2b0f72340",4069896117981350,4069896117990301,4069896120527130,4069896120562003,2536829
194,"void __acpp_kernel<main::{lambda(hipsycl::sycl::handler&)#3}::operator()(hipsycl::sycl::handler&) const::{lambda(hipsycl::sycl::id<2>)#1}>() [clone .kd]",4,2,390,68285,68285,256000000,256,0,0,16,0,32,64,"0x0","0x14e2b0f72300",4069896120579427,4069896120587291,4069896123123960,4069896123164338,2536669
195,"void __acpp_kernel<main::{lambda(hipsycl::sycl::handler&)#2}::operator()(hipsycl::sycl::handler&) const::{lambda(hipsycl::sycl::id<2>)#1}>() [clone .kd]",4,3,390,68285,68285,256000000,256,0,0,16,0,32,64,"0x0","0x14e2b0f72340",4069896123178255,4069896123184921,4069896125726870,4069896125768446,2541949
196,"void __acpp_kernel<main::{lambda(hipsycl::sycl::handler&)#3}::operator()(hipsycl::sycl::handler&) const::{lambda(hipsycl::sycl::id<2>)#1}>() [clone .kd]",4,2,394,68285,68285,256000000,256,0,0,16,0,32,64,"0x0","0x14e2b0f72300",4069896125783215,4069896125792471,4069896128332821,4069896128367965,2540350
197,"void __acpp_kernel<main::{lambda(hipsycl::sycl::handler&)#2}::operator()(hipsycl::sycl::handler&) const::{lambda(hipsycl::sycl::id<2>)#1}>() [clone .kd]",4,3,394,68285,68285,256000000,256,0,0,16,0,32,64,"0x0","0x14e2b0f72340",4069896128389718,4069896128399381,4069896130938451,4069896130979819,2539070
198,"void __acpp_kernel<main::{lambda(hipsycl::sycl::handler&)#3}::operator()(hipsycl::sycl::handler&) const::{lambda(hipsycl::sycl::id<2>)#1}>() [clone .kd]",4,2,398,68285,68285,256000000,256,0,0,16,0,32,64,"0x0","0x14e2b0f72300",4069896130987524,4069896131006771,4069896133545681,4069896133585761,2538910
199,"void __acpp_kernel<main::{lambda(hipsycl::sycl::handler&)#2}::operator()(hipsycl::sycl::handler&) const::{lambda(hipsycl::sycl::id<2>)#1}>() [clone .kd]",4,3,398,68285,68285,256000000,256,0,0,16,0,32,64,"0x0","0x14e2b0f72340",4069896133604938,4069896133613202,4069896136154031,4069896136195059,2540829
200,"void __acpp_kernel<main::{lambda(hipsycl::sycl::handler&)#3}::operator()(hipsycl::sycl::handler&) const::{lambda(hipsycl::sycl::id<2>)#1}>() [clone .kd]",4,2,402,68285,68285,256000000,256,0,0,16,0,32,64,"0x0","0x14e2b0f72300",4069896136207353,4069896136215952,4069896138754541,4069896138792895,2538589
